variant_id	pos	ref	alt	af	te_family	peak_mid	dist_ctcf	distance_score	primary_score	contact_mae_all	contact_mae_heme_proxy	chip_tf_mae	status	source	error
chr11:57568168:C:A	57568168	C	A	0.0	AluSz6	57568168	0	1.0	0.0011324893151010787	0.0011324893151010787	0.0009294450283050537	0.13307041788661486	SCORED	gnomad_peak_57568168	
chr11:57568168:C:T	57568168	C	T	0.0	AluSz6	57568168	0	1.0	0.0011541253687547787	0.0011541253687547787	0.0009634315967559815	0.12971634826471426	SCORED	gnomad_peak_57568168	
chr11:72434037:C:A	72434037	C	A	0.0	AluSx1	72434361	0	1.0	0.0015270736933286702	0.0015270736933286702	0.0013020694255828857	0.24159636229147644	SCORED	gnomad_peak_72434361	
chr11:72434037:C:T	72434037	C	T	1.383403310484122e-06	AluSx1	72434361	0	1.0	0.0016221310278134687	0.0016221310278134687	0.0013747096061706543	0.27137969258248845	SCORED	gnomad_peak_72434361	
chr11:35822097:A:T	35822097	A	T	6.579033934657035e-06	AluSz6	35822097	0	1.0	0.0007740485681486982	0.0007740485681486982	0.0006757676601409912	0.08700769361921792	SCORED	gnomad_peak_35822097	
chr11:35821778:C:G	35821778	C	G	6.58197854274995e-06	AluSz6	35822097	1	0.5	0.0007107469718903303	0.0007107469718903303	0.0005994856357574463	0.09006223283436243	SCORED	gnomad_peak_35822097	
chr11:62753923:A:T	62753923	A	T	6.861600152601988e-07	AluSz	62754214	0	1.0	0.002063538513279387	0.002063538513279387	0.0017231047153472901	0.2552076161608109	SCORED	gnomad_peak_62754214	
chr11:62753923:A:G	62753923	A	G	6.861609568926241e-07	AluSz	62754214	0	1.0	0.00494472762303693	0.00494472762303693	0.004075205326080323	0.5408127170767988	SCORED	gnomad_peak_62754214	
chr11:114036293:C:T	114036293	C	T	6.572720580502681e-06	AluJb	114036293	0	1.0	0.0011036249675921031	0.0011036249675921031	0.0006985366344451904	0.13546860033741834	SCORED	gnomad_peak_114036293	
chr11:114036577:G:C	114036577	G	C	6.5688348200796145e-06	AluJb	114036293	0	1.0	0.0015654870575027807	0.0015654870575027807	0.0011586010456085204	0.16610442228205202	SCORED	gnomad_peak_114036293	
chr11:108009167:T:A	108009167	T	A	0.0	FLAM_C	108008887	0	1.0	0.0009619002895695823	0.0009619002895695823	0.0008891940116882325	0.16568255498222015	SCORED	gnomad_peak_108008887	
chr11:108009167:T:C	108009167	T	C	0.0	FLAM_C	108008887	0	1.0	0.0009642947864319597	0.0009642947864319597	0.0008781552314758301	0.10911584829355216	SCORED	gnomad_peak_108008887	
