{
  "locked_hg19": {
    "E": [
      62157472,
      62162472
    ],
    "P": [
      62457472,
      62462472
    ],
    "C1": 62521395
  },
  "nominations": {
    "near_E": {
      "CUTRUN_by_dist": [
        [
          2488,
          25.08526,
          62162396,
          62162525
        ],
        [
          32384,
          13.79335,
          62192269,
          62192443
        ],
        [
          52133,
          24.81139,
          62107785,
          62107893
        ],
        [
          67380,
          25.97637,
          62092483,
          62092702
        ],
        [
          69870,
          6.71783,
          62229790,
          62229895
        ]
      ],
      "CUTRUN_by_score": [
        [
          67380,
          25.97637,
          62092483,
          62092702
        ],
        [
          2488,
          25.08526,
          62162396,
          62162525
        ],
        [
          52133,
          24.81139,
          62107785,
          62107893
        ],
        [
          104854,
          20.49798,
          62264696,
          62264957
        ],
        [
          32384,
          13.79335,
          62192269,
          62192443
        ]
      ],
      "ChIP_by_dist": [
        [
          2485,
          13.52865,
          62162340,
          62162575
        ],
        [
          11570,
          22.15988,
          62148228,
          62148576
        ],
        [
          13794,
          7.75892,
          62146076,
          62146281
        ],
        [
          24373,
          8.95826,
          62135448,
          62135751
        ],
        [
          32387,
          35.55931,
          62192174,
          62192544
        ]
      ],
      "ChIP_by_score": [
        [
          32387,
          35.55931,
          62192174,
          62192544
        ],
        [
          81156,
          35.20129,
          62078627,
          62079005
        ],
        [
          67392,
          27.3094,
          62092401,
          62092760
        ],
        [
          52159,
          23.10847,
          62107613,
          62108014
        ],
        [
          11570,
          22.15988,
          62148228,
          62148576
        ]
      ]
    },
    "near_P": {
      "CUTRUN_by_dist": [
        [
          2397,
          26.44881,
          62462305,
          62462433
        ],
        [
          20110,
          9.16018,
          62439764,
          62439960
        ],
        [
          27253,
          6.41967,
          62432640,
          62432798
        ],
        [
          35085,
          5.72511,
          62494963,
          62495151
        ],
        [
          45755,
          15.54147,
          62414132,
          62414302
        ]
      ],
      "CUTRUN_by_score": [
        [
          2397,
          26.44881,
          62462305,
          62462433
        ],
        [
          131758,
          23.15023,
          62328120,
          62328308
        ],
        [
          77434,
          16.20132,
          62537339,
          62537473
        ],
        [
          149536,
          15.98776,
          62310371,
          62310502
        ],
        [
          139633,
          15.77051,
          62599517,
          62599694
        ]
      ],
      "ChIP_by_dist": [
        [
          2397,
          24.38423,
          62462223,
          62462516
        ],
        [
          11530,
          23.09503,
          62448270,
          62448615
        ],
        [
          34509,
          4.10037,
          62494387,
          62494575
        ],
        [
          40490,
          6.5803,
          62500372,
          62500553
        ],
        [
          42011,
          5.19512,
          62417890,
          62418033
        ]
      ],
      "ChIP_by_score": [
        [
          79895,
          39.68412,
          62379850,
          62380305
        ],
        [
          149534,
          36.28268,
          62310241,
          62310635
        ],
        [
          94184,
          26.96114,
          62553966,
          62554347
        ],
        [
          2397,
          24.38423,
          62462223,
          62462516
        ],
        [
          131762,
          24.38303,
          62328030,
          62328390
        ]
      ]
    },
    "near_C1": {
      "CUTRUN_by_dist": [
        [
          52,
          12.17076,
          62521280,
          62521406
        ],
        [
          344,
          13.79611,
          62521618,
          62521861
        ],
        [
          7579,
          8.1429,
          62528924,
          62529025
        ],
        [
          16011,
          16.20132,
          62537339,
          62537473
        ],
        [
          17377,
          5.19372,
          62538713,
          62538832
        ]
      ],
      "CUTRUN_by_score": [
        [
          108897,
          35.7324,
          62630221,
          62630363
        ],
        [
          59026,
          26.44881,
          62462305,
          62462433
        ],
        [
          16011,
          16.20132,
          62537339,
          62537473
        ],
        [
          78210,
          15.77051,
          62599517,
          62599694
        ],
        [
          107178,
          15.54147,
          62414132,
          62414302
        ]
      ],
      "ChIP_by_dist": [
        [
          15978,
          16.97425,
          62537246,
          62537501
        ],
        [
          20933,
          6.5803,
          62500372,
          62500553
        ],
        [
          26914,
          4.10037,
          62494387,
          62494575
        ],
        [
          32761,
          26.96114,
          62553966,
          62554347
        ],
        [
          33340,
          11.31276,
          62554569,
          62554902
        ]
      ],
      "ChIP_by_score": [
        [
          141318,
          39.68412,
          62379850,
          62380305
        ],
        [
          108908,
          30.23498,
          62630142,
          62630465
        ],
        [
          32761,
          26.96114,
          62553966,
          62554347
        ],
        [
          59026,
          24.38423,
          62462223,
          62462516
        ],
        [
          72953,
          23.09503,
          62448270,
          62448615
        ]
      ]
    }
  },
  "primary_picks_hg19": {
    "P1_local_P_side_CUTRUN": [
      26.44881,
      2397,
      62462305,
      62462433
    ],
    "P1_local_P_side_ChIP": [
      24.38423,
      2397,
      62462223,
      62462516
    ],
    "P1_local_E_side_CUTRUN": [
      25.08526,
      2488,
      62162396,
      62162525
    ],
    "P1_local_E_side_ChIP": [
      35.55931,
      32387,
      62192174,
      62192544
    ]
  },
  "primary_picks_with_grch38": {
    "P1_local_P_side_CUTRUN": {
      "hg19": [
        62462305,
        62462433
      ],
      "score": 26.44881,
      "dist_to_anchor": 2397,
      "grch38": [
        62694833,
        62694961
      ]
    },
    "P1_local_P_side_ChIP": {
      "hg19": [
        62462223,
        62462516
      ],
      "score": 24.38423,
      "dist_to_anchor": 2397,
      "grch38": [
        62694751,
        62695044
      ]
    },
    "P1_local_E_side_CUTRUN": {
      "hg19": [
        62162396,
        62162525
      ],
      "score": 25.08526,
      "dist_to_anchor": 2488,
      "grch38": [
        62394924,
        62395053
      ]
    },
    "P1_local_E_side_ChIP": {
      "hg19": [
        62192174,
        62192544
      ],
      "score": 35.55931,
      "dist_to_anchor": 32387,
      "grch38": [
        62424702,
        62425072
      ]
    }
  }
}