{
  "odd": {
    "biosamples": [
      "GM12878",
      "HCT116",
      "HepG2",
      "K562",
      "Panc1"
    ],
    "N": 5,
    "table": {
      "a": 7,
      "b": 61,
      "c": 53,
      "d": 287
    },
    "OR": 0.655345338500114,
    "CI95": [
      0.2908632526180673,
      1.4765616104065789
    ],
    "p_fisher": 0.34807203093768757,
    "kill_OR_lt_1_1": true
  },
  "even": {
    "biosamples": [
      "H1",
      "HeLa-S3",
      "IMR-90",
      "MCF-7",
      "PC-3"
    ],
    "N": 5,
    "table": {
      "a": 4,
      "b": 64,
      "c": 49,
      "d": 291
    },
    "OR": 0.4108527131782946,
    "CI95": [
      0.15083991735043853,
      1.119066855054036
    ],
    "p_fisher": 0.07325772823451057,
    "kill_OR_lt_1_1": true
  }
}
