{
  "script": "t5_hct116_umap_sensitivity",
  "experiment": "exp_te_loop_assay_discordance_chia_vs_hic",
  "candidate_id": "C-A1",
  "computed_at_utc": "2026-07-20T12:09:42.082080+00:00",
  "assembly": "GRCh38",
  "celltype": "HCT116",
  "status": "DONE",
  "primary_te": "AluSz",
  "mapq": "N/A (processed bedpe)",
  "umap_source": "tracks/te_alu_3d/experiments/exp_te_loop_assay_discordance_chia_vs_hic/data/input/k100.Umap.MultiTrackMappability.bw",
  "inputs": {
    "pol2_accession": "ENCFF322FOT",
    "hic_accession": "ENCFF060QTI",
    "freeze": "ACCESSION_FREEZE_replication_HCT116_v1.md"
  },
  "filters": {
    "baseline_no_umap_filter": {
      "a_pol2_te_pos": 8873,
      "b_pol2_te_neg": 109807,
      "c_hic_te_pos": 458,
      "d_hic_te_neg": 7263,
      "n_pol2": 118680,
      "n_hic": 7721,
      "pol2_rate": 0.07476407145264577,
      "hic_rate": 0.05931874109571299,
      "fisher_or": 1.280175615148459,
      "fisher_p_two_sided": 2.635728405846044e-07,
      "woolf_or": 1.280175615148459,
      "woolf_ci95_lo": 1.162032302067404,
      "woolf_ci95_hi": 1.4103305069101886,
      "te": "AluSz",
      "n_pol2_kept": 118680,
      "n_hic_kept": 7721,
      "frac_pol2_kept": 1.0,
      "frac_hic_kept": 1.0,
      "threshold": null
    },
    "umap_ge_0.3": {
      "a_pol2_te_pos": 8873,
      "b_pol2_te_neg": 109807,
      "c_hic_te_pos": 457,
      "d_hic_te_neg": 7249,
      "n_pol2": 118680,
      "n_hic": 7706,
      "pol2_rate": 0.07476407145264577,
      "hic_rate": 0.059304438100181676,
      "fisher_or": 1.2805009511802137,
      "fisher_p_two_sided": 2.572555294694119e-07,
      "woolf_or": 1.2805009511802137,
      "woolf_ci95_lo": 1.1622116270303335,
      "woolf_ci95_hi": 1.4108297041934827,
      "label": "AluSz",
      "umap_threshold": 0.3,
      "te": "AluSz",
      "below_fail_threshold_1_1": false,
      "desk_note": "OR=1.2805 \u2265 1.1 (does not strengthen FAIL)",
      "n_pol2_kept": 118680,
      "n_hic_kept": 7706,
      "frac_pol2_kept": 1.0,
      "frac_hic_kept": 0.9980572464706644
    },
    "umap_ge_0.5": {
      "a_pol2_te_pos": 8873,
      "b_pol2_te_neg": 109805,
      "c_hic_te_pos": 457,
      "d_hic_te_neg": 7241,
      "n_pol2": 118678,
      "n_hic": 7698,
      "pol2_rate": 0.07476533140093362,
      "hic_rate": 0.05936606910885944,
      "fisher_or": 1.2791111844980343,
      "fisher_p_two_sided": 2.867405064963009e-07,
      "woolf_or": 1.2791111844980343,
      "woolf_ci95_lo": 1.1609467336447303,
      "woolf_ci95_hi": 1.4093027482591176,
      "label": "AluSz",
      "umap_threshold": 0.5,
      "te": "AluSz",
      "below_fail_threshold_1_1": false,
      "desk_note": "OR=1.2791 \u2265 1.1 (does not strengthen FAIL)",
      "n_pol2_kept": 118678,
      "n_hic_kept": 7698,
      "frac_pol2_kept": 0.9999831479609033,
      "frac_hic_kept": 0.9970211112550188
    }
  },
  "primary_umap_ge_0_3": {
    "a_pol2_te_pos": 8873,
    "b_pol2_te_neg": 109807,
    "c_hic_te_pos": 457,
    "d_hic_te_neg": 7249,
    "n_pol2": 118680,
    "n_hic": 7706,
    "pol2_rate": 0.07476407145264577,
    "hic_rate": 0.059304438100181676,
    "fisher_or": 1.2805009511802137,
    "fisher_p_two_sided": 2.572555294694119e-07,
    "woolf_or": 1.2805009511802137,
    "woolf_ci95_lo": 1.1622116270303335,
    "woolf_ci95_hi": 1.4108297041934827,
    "label": "AluSz",
    "umap_threshold": 0.3,
    "te": "AluSz",
    "below_fail_threshold_1_1": false,
    "desk_note": "OR=1.2805 \u2265 1.1 (does not strengthen FAIL)",
    "n_pol2_kept": 118680,
    "n_hic_kept": 7706,
    "frac_pol2_kept": 1.0,
    "frac_hic_kept": 0.9980572464706644,
    "replication_verdict": {
      "verdict": "INCONCLUSIVE_REPLICATION",
      "or": 1.2805009511802137,
      "mcid_support": 1.3,
      "replication_fail_lt": 1.15,
      "note": "OR=1.2805 between 1.15 and 1.3; replication inconclusive for falsification rule."
    }
  },
  "note": "Optional sensitivity only; primary HCT116 desk OR remains unfiltered replication_hct116_OR_CI.*"
}
